sid,subreddit,n_comments,n_aspects,n_pairs,n_with_aspect,n_mixed,rho_aspe,p_aspe,rho_conc,p_conc,aspe_early,aspe_late,narrow_score,span_h,title
bg7pdu,GlobalPowers,144,22,47,23,14,-0.8568,1.79989379420693e-07,-0.0565,0.7977390271625259,3.297,0.417,3.6801,43.5,[UN] Voting 2025
bgu7rr,Hoocoodanode,193,226,228,84,39,-0.7275,1.6120280434541837e-06,0.679,1.3964220197870534e-05,5.607,3.724,3.2887,33.2,MBA: Mortgage Applications Decreased in Latest Weekly Survey
bgqc42,TheMonkeysPaw,212,178,194,96,33,-0.902,2.5237638283889593e-14,0.8994,3.878997892504947e-14,5.1,4.003,2.8983,12.3,I wish the first comment on this post becomes the most downvoted comment in Reddit history.
bips7v,bodybuilding,169,34,107,69,15,-0.6827,6.259150889471941e-05,0.7838,8.08554258107216e-07,4.109,3.095,2.4813,26.0,"Once upon a time, Rich Piana looked good."
be8peh,stlouisblues,181,436,494,150,97,-0.9292,4.5675726220917436e-14,0.8998,5.83413542491342e-12,6.56,6.05,2.3388,28.3,[NGDT] Disappointed Edition (17-Apr-19)
bco9xs,nba,179,217,241,112,51,-0.8724,3.339760678555147e-10,0.7686,7.040465351507261e-07,5.671,5.032,2.2797,15.9,WAKE UP! PLAYOFFS ARE TODAY!
bfvqy1,unpopularopinion,217,382,407,157,75,-0.618,3.566564804004959e-05,0.6055,5.625468513445194e-05,6.114,5.203,2.1348,16.2,Working class white men are the most overlooked and oppressed group
bj2i4d,todayilearned,204,227,244,108,39,-0.7814,3.0316260405666176e-08,0.6987,3.037393132494826e-06,5.364,4.84,2.0044,11.4,"TIL to prove that coffee is unhealthy, King Gustav experimented with a twin, one drank enormous amounts of coffee, the other one, tea. Both samples outlived the researchers and King Gustav"
bhnrul,todayilearned,157,37,160,94,27,-0.6944,8.310703660886835e-05,0.8275,1.843727591903768e-07,4.775,4.3,1.9969,34.7,"TIL that prior to Steve Irwin's death - he designed and funded a study which discovered that crocodiles can ""surf"" long distances across the ocean. One of the crocodiles in this study surfed 366 miles within 25 days."
bgrk4f,powerlifting,205,435,460,158,97,-0.7855,1.3928366976110975e-08,0.5959,0.0001259299153250523,6.332,5.742,1.9719,44.5,24 April 2019
bdel9u,WhyWereTheyFilming,183,205,256,140,24,-0.785,1.71391211888131e-07,0.7852,1.6850396943003437e-07,5.573,5.186,1.9573,28.0,Let me just film my cereal real quick
bfqbe4,InfowarriorRides,277,386,426,174,61,-0.7367,1.0654608266241735e-09,0.6615,1.6980479810229226e-07,5.848,5.305,1.9417,26.2,Make America moral again
bejd57,Cardinals,444,677,712,292,139,-0.6111,8.461584890244954e-10,0.7096,5.965694873621719e-14,5.835,5.272,1.8835,30.7,Daily Discussion Thread (4/18/19)
bgknkt,bayarea,253,559,606,209,101,-0.8214,4.777359904085226e-12,0.6378,2.4486531805991847e-06,6.292,5.892,1.8589,41.5,Nextdoor is a gold mine for NIMBYism
bakicl,TryingForABaby,216,529,568,175,104,-0.7421,9.6813682948582e-08,0.6344,1.895046513763513e-05,6.576,6.127,1.8255,27.0,General Chat April 07 PM
b83dwo,todayilearned,254,284,297,130,57,-0.559,6.580788903541565e-05,0.5058,0.00039343724699022163,5.499,4.771,1.7927,41.6,"TIL when college football teams traveled by train, Auburn students would literally grease the local stations tracks before Georgia Tech games, causing the train to overshoot the station and forcing the Tech players to carry their luggage for miles."
be9g4x,Philippines,198,267,277,126,51,-0.5424,0.0009207444823052853,0.6051,0.00015018181749049543,5.684,5.106,1.7255,23.4,"Nightly random discussion - Apr 17, 2019"
bbf7wd,newzealand,173,415,425,137,67,-0.5225,0.0036422408014450632,0.6824,4.5422189003785814e-05,6.296,5.901,1.6,31.0,Swastikas and semi-automatics: Auckland gun club neighbours speak out
bh7nsj,blunderyears,151,26,135,93,12,-0.5531,0.004136262434112801,0.5537,0.004084212681875413,4.276,3.809,1.5737,39.9,If we're going with High School yearbook photos I'm adding mine to the offering
bihagx,pcgaming,228,316,396,170,55,-0.7704,6.112200562379999e-09,0.4057,0.009398925178156983,5.83,5.48,1.5259,45.4,We are two brothers who spent the past year building a first person shooter with a completely destructible environment. Here is our reveal trailer!
bhj3sk,LiverpoolFC,315,350,434,199,70,-0.5688,3.1853957874598234e-06,0.4113,0.0013394588393081084,5.48,4.948,1.5121,14.7,[Pre-Match Thread] Liverpool vs Huddersfield
bihndk,IDontWorkHereLady,342,573,642,240,129,-0.5957,2.60546014048051e-07,0.3293,0.008406161372194484,6.088,5.526,1.487,34.1,Yeah Sure My Grocery Cart Means I work Here
bct7zc,teslamotors,177,279,330,135,61,-0.5465,0.0017804195134850165,0.4749,0.008004327387234816,5.919,5.463,1.4775,46.3,Elon Musk: Replacing Model 3 battery modules will only cost $5k to $7k
bdwupa,MMA,306,470,519,225,107,-0.4723,0.00023754443411207424,0.5029,7.815865261952509e-05,5.986,5.487,1.4747,47.6,Yoel Romero shows his love for Luke Rockholr by bludgeoning him with a vicious uppercut
bif5oy,AmItheAsshole,329,608,932,284,212,-0.7001,4.793079970665273e-10,0.4032,0.001401668090765227,6.46,6.122,1.442,29.9,AITA for being furious with my fiancé because he's excited about Game of Thrones tonight when my grandfathers funeral was just on Friday?
bejj8p,Pikabu,376,439,463,235,80,-0.4824,2.343294496459353e-05,0.5088,6.8877723311341955e-06,5.328,4.898,1.4208,46.0,Привет новоприбывшим
ba7h2m,AskEurope,162,334,352,128,67,-0.5495,0.002986951030097699,0.5111,0.00644368438382357,6.131,5.815,1.377,37.8,What is the best city in your country that no one knows about?
bggpj7,Austin,158,336,388,130,72,-0.7479,1.1202623942647202e-05,0.0441,0.8305494144502883,6.366,5.788,1.37,36.9,MJ Hegar launches Senate campaign against longtime Texas Sen. John Cornyn
bd1xv4,sixers,148,411,452,133,80,-0.7802,6.928679434835499e-06,0.1322,0.5380290144720765,6.712,6.273,1.3507,39.1,Hot Take: Nets gameplan to beat Sixers was so simple
bglv5j,atheism,174,355,376,149,79,-0.5205,0.0037988839102647306,0.5708,0.0012238052008246166,6.187,6.012,1.2669,45.2,I’m a proud dad today!
bgv8rd,Vechain,159,415,461,135,86,-0.4324,0.027390308878024357,0.6916,9.102283289303512e-05,6.443,6.313,1.254,40.5,Tokenomics - Let's put this to rest
be5bda,AskReddit,294,376,397,198,92,-0.5336,3.886330808161668e-05,0.4282,0.001379262272861177,5.458,5.177,1.243,29.9,What is a weird and unique ‘skill’ that you figured out how to do on accident and nobody else seems to be able to do it?
bdrpmb,Cardinals,437,537,577,268,122,-0.3613,0.0008547658707111006,0.5096,1.0073416013116136e-06,5.447,5.095,1.2227,14.2,"Pregame Thread: April 16, 2019"
bc5co8,Animemes,212,210,236,136,35,-0.6676,6.3684258107214825e-06,0.275,0.09956021200942639,5.2,4.958,1.1838,45.0,NOOOOOOOOOOOOOOOOOOOOOOO!
bgrj2o,nameaserver,172,29,48,30,6,-0.3488,0.06369141574734204,0.416,0.02481163380206,3.431,3.025,1.1713,24.0,Tue 2019-04-23
bip3hg,vegetarian,159,293,313,114,60,-0.3888,0.04965441447851246,0.539,0.004495314886356953,6.01,5.789,1.1492,31.3,Burger King plans to release plant-based Impossible Whopper nationwide by end of year
bcnh2i,collegehockey,365,449,491,242,85,-0.5082,9.662165411888556e-06,0.4447,0.00014530520698520264,5.409,5.214,1.1479,44.9,[Game Thread] 2019 NCAA Division I Men's Hockey Championship Game
bcnawb,DestinyTheGame,207,387,449,172,78,-0.4287,0.009094221089647801,0.5551,0.00044129533626524126,6.068,5.94,1.1117,36.2,It'd be real cool if we could preview how many rounds Backup Mag would add to a gun without having to apply it...
bicngx,soccer,255,264,300,163,51,-0.3599,0.014031838388499411,0.172,0.25314317285375815,5.136,4.594,1.0743,18.9,Match Thread: 1. FC Nürnberg vs. Bayern Munich [Bundesliga]
bcr44z,EDH,219,356,414,135,44,-0.6007,6.668352997351359e-05,-0.0224,0.893631742956365,6.076,5.611,1.0429,45.9,What is the single best card from War of the Spark so far? Which deck do you plan on putting them in?
bixk0u,truegaming,170,524,570,154,90,-0.537,0.0026673759254399083,0.2449,0.20042075697667217,6.702,6.463,1.0201,21.2,"What are some of your favorite games to ""play in the background""?"
bix6la,PurplePillDebate,183,450,479,159,82,-0.4628,0.008749314305483664,0.3534,0.05113597960377183,6.36,6.16,1.0159,22.5,Why do guys care about the 80-20 rule?
bcob8o,DestinyTheGame,180,413,448,156,74,-0.4539,0.010331050222735547,0.1743,0.3484062673170668,6.338,5.96,1.0063,36.9,14 Hours of Mayhem
bipbnz,SansaWinsTheThrone,205,441,473,162,97,-0.5825,0.00019325186174625028,0.1418,0.4094000074221821,6.257,6.016,0.9655,31.1,My new fav OT3: Sansa/Tyrion/Success
bhe2ty,Persona5,195,344,362,145,66,-0.4727,0.004760238402925076,0.2008,0.2548374882972958,5.902,5.611,0.964,44.9,Keep It Coming
bcd66v,AmItheAsshole,152,324,413,129,79,-0.8566,4.658734244464903e-08,-0.2053,0.3249330076651342,6.315,6.081,0.8856,28.3,AITA for dating my ex-girlfriend's younger sister?
b8cdvf,LetterstoJNMIL,317,847,934,266,156,-0.2871,0.028885840469782844,0.4401,0.0005457363622348118,6.433,6.299,0.8617,20.7,I am getting wildly uncomfortable with the main sub and its issues
bby31z,breastfeeding,197,455,542,182,122,-0.6687,1.540410112870828e-05,-0.0364,0.8381711044823703,6.359,6.176,0.8155,41.9,"“You need to cover up, that’s disgusting.”"
bgftee,nba,316,222,251,131,42,-0.266,0.04356891999973638,0.2212,0.0951451168828887,4.759,4.434,0.812,26.2,Capela’s eye. He's battling a virus (adenovirus) and bacterial infection (klebsiella)
bhjmfg,EscapefromTarkov,165,306,351,131,68,-0.6636,0.0001184852196198869,-0.0723,0.7147703377910346,6.075,5.867,0.7991,31.4,PSA - Use a flashlight on your gun as it messes with cheaters aim-bots
bbxslz,sysadmin,293,602,670,216,97,-0.365,0.0072022930575749424,0.2065,0.13791239464894722,5.98,5.774,0.7777,32.5,"How to explain to an HR bean counter who's doing your job evaluation, what a sysadmin does."
b9nw89,rugbyunion,181,400,417,141,76,-0.4589,0.009404907639752585,0.0071,0.9699290142328791,6.202,5.924,0.7439,29.1,Free Talk Friday
bdodqz,SquaredCircle,189,421,479,172,85,-0.0913,0.6193092452967089,0.542,0.0013537486342452608,6.136,6.029,0.7399,23.3,Bully Ray on Twitter: IMO...Whats the point of bringing up EC3 only to destroy him from day 1 on main roster?? Should have been left to thrive in NXT until right time.
b8093t,anime,163,286,302,122,45,-0.1867,0.3510084243604059,0.3757,0.05347435348313776,5.744,5.68,0.6269,38.5,What scenes in anime felt so unbelievably dumb and ridiculous that you thought the studio making it was pulling an April Fool's joke on you?
b9rj05,CFB,141,266,296,117,60,-0.6703,0.00046576778922708024,-0.2976,0.1678550975963963,5.985,5.738,0.6205,36.8,[Connelly] 2019 USF football preview: It’s a really big year for Charlie Strong
b8h6ob,classicwow,144,271,363,120,75,-0.5494,0.006618888720267681,-0.3247,0.13063675035918385,6.061,5.671,0.6151,38.6,"Blizzard, please at the very least stress test your servers before launch."
bhki2k,formula1,194,250,264,136,49,-0.2001,0.26424453489850475,0.2001,0.26424453489850475,5.475,5.284,0.5907,22.3,Hamilton responds to the puthole saga on Instagram
bfeq3e,Pikabu,176,261,295,122,53,-0.0225,0.9060678614439696,0.4858,0.006497160390023672,5.759,5.678,0.5896,20.9,"Ну раз пошла тут пьянка про работу, то поделюсь своей. Работаю медсестрой по массажу в областной больнице восстановительного лечения. Лечим радоном, массажем и физ процедурами. Всем здорового позвоночника и не болейте!!))) хотела выставить несколько фоток, но пока не умею."
baqfny,PUBATTLEGROUNDS,182,284,326,126,65,-0.2515,0.17238172641303257,0.0208,0.9116927325211137,5.844,5.548,0.5686,29.9,Sums up TPP currently
bfytre,traaaaaaannnnnnnnnns,200,417,435,160,87,-0.3038,0.07602501317818428,0.1383,0.42832230573321783,6.059,5.948,0.5528,24.8,"It ain't much, but it's honest work."
bbco2s,malaysia,180,278,283,114,62,-0.215,0.24538141912347283,0.215,0.24538141912347283,5.527,5.406,0.5511,28.0,"/r/malaysia daily random discussion and quick questions thread for April 10, 2019."
bhzay6,hockey,342,472,528,238,93,-0.2853,0.023411846606620428,0.0974,0.44747259415225576,5.568,5.422,0.5289,34.3,1937 Detroit Olympia. There is no side glass so fans can be seen casually leaning over the boards during play.
bikpha,AskReddit,225,49,204,141,18,-0.1537,0.3438204320383204,0.0857,0.5988196292359603,3.615,3.347,0.5076,25.9,What are the worst names you could give to a set of twins?
bf1kei,indonesia,328,585,588,229,121,-0.2776,0.03176973509140101,0.0961,0.46492452449337596,5.752,5.625,0.5005,36.5,"April 20, 2019 - Daily Chat Thread"
bj11cp,canada,301,664,738,245,115,-0.1542,0.2609439580250759,0.2506,0.06503241948823772,6.159,6.07,0.493,14.9,"Secret list of SNC employees, execs behind illegal donations to federal Liberal Party revealed | CBC News"
bfugzf,EscapefromTarkov,196,529,643,176,99,-0.1313,0.4592409695393518,0.2245,0.20176538701184957,6.591,6.455,0.4919,46.2,"New quests are a grind, nothing more then that"
bhzoxr,thanosdidnothingwrong,606,641,747,371,143,-0.1637,0.07911417671485518,0.1724,0.06427375043272808,5.27,5.117,0.4893,32.1,Yeah I got kicked out
b986kq,MMA,206,375,403,156,80,-0.2097,0.21965054989661148,0.1394,0.4173590223273365,6.024,5.892,0.4811,33.5,Tyron Woodley: You don’t realize value of UFC belt — until you lose it
bifszr,soccer,219,197,231,112,34,-0.1656,0.3203093283032491,0.165,0.3222603859211474,5.18,5.044,0.4668,38.2,Marcelo Bielsa attempting to pronounce 'Ipswich'
bidl4o,LAFC,244,285,326,163,50,-0.1636,0.2944001399022722,0.1455,0.3517413441439991,5.049,4.897,0.4613,6.0,[Match Thread] LAFC @ Seattle Sounders FC
bghnxu,CollegeBasketball,170,218,231,107,45,-0.1962,0.3076936600316215,0.0217,0.9110740411572156,5.484,5.252,0.4503,47.8,Cole Anthony’s commitment to North Carolina means the highest ranked prospect in the ACC will not play at Duke for the first time since '11-'12.
bh92ya,TexasRangers,207,211,239,124,42,-0.2512,0.13949639622531973,0.1135,0.5099614855913268,4.885,4.8,0.4493,36.0,Game Chat: 4/25 Rangers (12-11) @ Mariners (16-11) 9:10 PM
bgrdjr,worldnews,174,399,418,134,73,-0.2553,0.18134577517006314,0.0471,0.8084073351927594,6.16,6.024,0.4388,41.8,"Hong Kong's 'Occupy Central' activists handed down prison terms, a court in Hong Kong has handed down prison sentences of up to 16 months to eight leaders of massive 2014 pro-democracy protests"
biqz4k,CompetitiveForHonor,148,376,429,128,93,-0.3149,0.1339086664406669,0.0126,0.9533505323690031,6.383,6.274,0.4368,28.2,Deflect attacks should interrupt hyper/super armor
bhinrp,JUSTNOMIL,269,485,598,199,93,-0.3138,0.029833564092257053,0.0784,0.5961484869404575,5.828,5.792,0.4286,23.1,Mrs BoobHat and How DARE I Lose Weight!!!
beib23,CasualUK,536,446,484,256,76,-0.0971,0.33172745434260403,0.1621,0.10348595273148246,4.843,4.687,0.4146,32.6,The full spectrum of British emotion
bbus8t,yesyesyesyesno,182,72,124,66,16,-0.0323,0.8629931481330373,0.2649,0.1498820075572101,4.071,3.973,0.3951,29.4,UK trying to leave the EU
bcaoa4,summonerswar,273,785,839,225,152,-0.0273,0.8525407938971246,0.2976,0.037802800395353636,6.49,6.442,0.3731,36.7,Daily Advice Thread 12/04/2019
bi25zk,soccer,358,493,572,274,96,-0.2782,0.023718830535579327,-0.0223,0.8587912356089031,5.529,5.415,0.3702,2.2,Match Thread: Barcelona vs Levante [Spanish Primera División]
bdtnhm,CasualConversation,188,278,292,125,54,-0.1731,0.3433795316584443,0.1016,0.5800365598374535,5.61,5.523,0.3618,14.8,"tuesday the q's day, you already know! 5 q's for ya'll.."
besuy1,relationships,179,364,477,147,108,-0.3291,0.07572803875600131,-0.137,0.4704443613623248,6.286,6.118,0.3603,6.4,My wife (30F) gave birth to a baby that is not mine (30M). She refuses to consent to a paternity test and has fled with the baby.
bipr0g,marvelstudios,635,1084,1266,493,238,-0.0836,0.35982674173697743,0.141,0.12130325628473945,5.874,5.75,0.3489,30.6,"Saw this on IG, didn't know if it's been posted already"
bigqv2,JordanPeterson,135,386,416,114,70,-0.4037,0.06241567418643731,-0.336,0.12634393023599727,6.647,6.385,0.3301,33.8,Does anyone else think Jordan should debate a right winger?
b94xx4,movies,148,38,140,78,23,-0.2036,0.3400468268019178,0.098,0.6488541224768486,4.226,4.209,0.3184,44.6,"Real-Life Disney-Pixar ""Up"" House in Herriman, Utah"
bj74u7,boxoffice,121,283,340,106,68,-0.1983,0.4156710657311481,0.0562,0.8193533956890141,6.245,6.183,0.3164,5.0,"[Other] Could Endgame get an Oscar nom, because of the box office performance? Does it deserve one?"
bg2myj,confessions,160,259,320,132,53,0.2193,0.2716663951942996,0.5145,0.006037249439833721,5.799,5.839,0.2952,29.9,"The thing I pray about the most is that no one else comes in the restroom at work when I’m pooping. Also, I’m in the restroom at work pooping right now. God is with me."
bfqvuu,pyrocynical,194,75,180,103,22,-0.2328,0.19226109363059454,-0.1208,0.5030968560775101,4.519,4.353,0.2788,44.9,"My dad in Birmingham, spot the virgin."
baeadt,Mavericks,277,248,292,151,48,-0.0983,0.497137830965537,0.0521,0.7194635827559819,5.015,4.899,0.2668,21.6,GAME THREAD: Dallas Mavericks(31-48) @ Memphis Grizzlies(32-47) - April 7
bi2nqf,leagueoflegends,213,254,276,144,47,-0.1003,0.5546469558264022,0.1022,0.5471364145668876,5.243,5.179,0.2658,39.5,Some league ults but literally (part 1)
bakb0o,islam,155,350,379,139,80,-0.1992,0.32914913411107466,0.0,1.0,6.162,6.113,0.2487,33.0,With the recent increase in trolls can we get flairs for Muslims and non-Muslims so people with questions know who is answering any questions they have?
biomdc,AskMen,357,767,841,295,161,-0.2045,0.09956581111984976,-0.0667,0.5944120483114963,6.178,6.076,0.2394,35.6,What women's issue do you fully support?
b8iak0,DunderMifflin,218,95,175,103,25,-0.17,0.307579065051049,0.0341,0.839149440119663,4.237,4.209,0.2327,13.7,Ain’t no day like pretzel day!
bh1dr0,MLS,168,196,219,116,33,0.1385,0.4822997056661196,0.3655,0.05578947817284983,5.212,5.309,0.2271,14.3,Match Thread: New York City FC vs Chicago Fire [Major League Soccer]
bikmpv,marvelstudios,389,759,848,324,157,0.1448,0.2248541026961971,0.3556,0.002171381279835118,5.932,6.009,0.2108,36.3,"This is the scene where everyone lost their mind, So much power!"
bedi9m,WatchURaffle,161,8,12,9,1,0.3057,0.12093360619450266,0.4991,0.008038413465724951,0.817,1.149,0.1934,42.8,[Blue NM] Omega Seamaster Black Ceramic - 96 spots at $25/ea with 3 spot limit.
b8qokt,weedstocks,150,230,265,107,42,-0.0435,0.8365416262679523,0.1108,0.5978989106675966,5.515,5.479,0.1902,17.7,Aurora files based shelf prospectus to raise $750 million USD
biqc0i,MovieDetails,630,766,932,358,170,-0.1094,0.2324495888198668,0.0745,0.41697300530449555,5.381,5.394,0.1838,31.9,In Star Wars: Attack of the Clones (2002) the battle droids and clones resemble their makers.
bj2lul,savedyouaclick,154,244,285,116,55,-0.191,0.3603509425830254,-0.1248,0.5523077053940694,5.779,5.668,0.1773,10.2,"A Year Ago, Taco Bell Was Killing Chipotle. So Chipotle Did Something Completely Brilliant | They hired Taco Bell's CEO"
bg3ikw,JonWinsTheThrone,219,340,363,170,69,-0.1458,0.3823871831285466,0.0304,0.8560279356271066,5.521,5.522,0.1763,34.4,I’ve never felt so conflicted
b9p1sz,OldSchoolCool,353,497,536,244,94,-0.143,0.25592390455350134,-0.0721,0.568144082643798,5.551,5.448,0.1732,34.3,My Step-dad &amp; I in 1994. He’s the best dad that he didn’t have to be.
b8nsdp,AAF_Football,180,286,350,149,43,-0.313,0.086477072035107,-0.3819,0.03398996546585979,5.85,5.617,0.1638,24.5,"As a designer for the AAF, I just want to say thank you."
bg4ooz,CryptoCurrency,158,404,437,138,84,-0.0284,0.8905181939320639,0.0616,0.7651002116136894,6.431,6.361,0.1601,29.1,Deloitte announced they will be developing its #blockchain solutions on #VeChainThor
bgjpxo,politics,156,284,317,102,65,0.0687,0.7387146311049512,0.2236,0.27212399749459765,5.862,5.898,0.1549,22.8,The scientific maneuver Mueller used that implicates the president: Mueller does not set out to prove that the president engaged in obstruction of justice; he logically disproves all the ways in which he didn’t.
bicl4t,fcbayern,506,586,740,351,107,-0.0216,0.8344472022152254,-0.0836,0.41787824893887293,5.379,5.164,0.1528,25.4,MATCH THREAD: FC BAYERN MÜNCHEN VS. 1. FC NÜRNBERG - BUNDESLIGA 2018/19 - MATCHDAY 31
b8z0hf,gtaonline,212,342,376,169,44,-0.149,0.37862039054910207,-0.2086,0.21540692330934194,5.676,5.468,0.1479,31.1,You’re in a GTA Online lobby and you see THIS. ...Wyd?
bidif3,startrek,390,660,781,319,154,-0.2262,0.05432401215280258,-0.1647,0.1638684369036169,5.88,5.795,0.1467,35.6,Who wants to see Data in the Picard series?
bfo0bs,NintendoSwitch,198,465,605,168,111,-0.1054,0.5528920738081189,-0.0156,0.9302595582042612,6.439,6.382,0.1466,11.5,"Who else lost interest in Nintendo as an adult, only to come crawling back because of the switch?"
bggr80,thanosdidnothingwrong,196,145,225,127,34,-0.0252,0.887371498133664,0.0217,0.9029469841904701,4.898,4.828,0.1166,34.5,Our heroes
be15d8,pathofexile,382,1047,1108,330,200,-0.0731,0.5445308843152484,-0.0915,0.4478055574502516,6.528,6.405,0.1044,39.1,"Questions Thread - April 17, 2019"
bg6q5g,weedstocks,526,1043,1143,396,206,-0.1292,0.20020277435951342,-0.1353,0.17969106445453029,6.153,6.047,0.1001,34.0,"/r/weedstocks After Hours Discussion - [April 22, 2019]"
bgfnew,NintendoSwitch,387,669,754,283,152,0.0247,0.836965360326216,0.0846,0.479852229493804,5.844,5.806,0.0979,30.2,[meta] Can we PLEASE do something about the rumors here?
bcdmyg,SweatyPalms,174,173,193,101,31,-0.038,0.8448545663138407,0.0429,0.8249746390547626,4.859,4.879,0.0809,25.0,Pilots eject after unintentional ground impact during airshow
basrzx,EverythingScience,226,382,451,178,100,-0.1515,0.35068269345991504,-0.1343,0.408584328321969,5.896,5.846,0.0671,39.3,"Exercise officially makes you happier than money, according to Yale and Oxford research"
bdtknq,Showerthoughts,187,209,226,117,49,0.1063,0.5627426035885383,0.1706,0.3505769453134467,5.08,5.152,0.0643,23.0,"If WW3 broke out, it would probably be memed"
beywjz,baseball,311,384,440,214,57,0.0789,0.5597036443947035,0.108,0.42401575071775516,5.272,5.243,0.0588,27.5,OFFICIAL FRIDAY COMPLAINT THREAD
baqixs,SquaredCircle,263,465,542,214,98,-0.3505,0.015724916041273036,-0.4812,0.0006168608157918508,6.056,5.879,0.0467,26.6,[WrestleMania Spoilers] Superstar announces retirement
bfyasf,Pikabu,232,425,536,203,117,0.35,0.02487761916541773,0.3571,0.021886540125061645,5.936,6.089,0.0071,28.2,"Друзья, у меня сегодня маленький праздник. Я отказался от алкоголя и не пью уже три недели, до этого пил три года с редкими перерывами в пару дней. В ближайшее время запилю пост/-Ы на тему запоя, того как он подходит, что меняется в жизни и как из этого выбраться. Я счастлив!"
b84wcj,hiphopheads,171,289,329,126,53,-0.1141,0.5557891808580311,-0.1772,0.35790372086228295,5.759,5.698,-0.0024,38.9,"Freddie Gibbs ""Flat Tummy Tea"" Official Lyrics &amp; Meaning | Verified"
bhm1c8,magicTCG,153,279,300,109,64,0.0112,0.9576607004138448,-0.0205,0.9227005547710954,5.898,5.882,-0.0164,19.9,[Mythic Championship II] The MCII London Modern Metagame
bey5t2,hearthstone,268,600,674,221,126,-0.1601,0.27691220558905594,-0.2798,0.054095460097266464,6.246,6.147,-0.0204,29.8,New Hearthstone Expansion Draws Less Twitch Viewership Than Last Year’s April Release - The Esports Observer
babu1o,hiphopheads,257,351,396,183,70,-0.0328,0.8284963736778184,-0.1153,0.44542419029445757,5.355,5.304,-0.0313,41.6,[SHOTS FIRED] - The Game Disses Kodak Black after Comments about Lauren London
bbuys4,pittsburgh,304,662,726,248,148,-0.1062,0.4401057264077025,-0.2253,0.0981575045884539,6.159,6.095,-0.0544,44.9,There have been attempted kidnappings in Oakland this week
bh92z2,ChapoTrapHouse,153,259,281,113,40,-0.3002,0.14478847916328597,-0.5774,0.0025107944324760023,5.8,5.582,-0.0593,30.2,Which Joe Biden is your favorite?
bim6oe,france,291,463,515,178,77,0.0591,0.6742763509774216,-0.0985,0.48306573357095656,5.724,5.628,-0.0617,40.9,Crashs aériens : Boeing avait désactivé le signal d’alerte des 737 MAX pour le rendre payant
bgibng,DestinyTheGame,188,377,443,145,78,0.0559,0.7611947400075788,-0.0101,0.9563238665973527,5.987,5.996,-0.066,42.0,Tower vendors need to be given the same amount of love that Eververse gets each season
be6l06,TalesFromRetail,255,596,667,238,136,0.041,0.7869114991624495,-0.0263,0.8624617997564242,6.21,6.256,-0.0672,34.9,What do you mean I can't buy cigarettes with my underage brother?
bc7ecy,Parenting,623,1571,2356,579,432,-0.097,0.29416805511169997,-0.2067,0.024095177788293613,6.693,6.654,-0.0713,37.2,I sacrificed my time with my children to put them in a better financial position and realized too late that kids don't care unless you are there.
biswm9,pathofexile,204,570,649,184,106,0.0777,0.6571168297837968,0.0049,0.9776963767279933,6.622,6.654,-0.0728,28.7,Console Problems and Solutions - State of the Game
bg2jh4,TexasRangers,283,332,368,174,66,-0.0054,0.97007015063665,-0.0824,0.5652020738914064,4.997,5.063,-0.0771,19.0,Game Chat: 4/22 Rangers (12-8) @ Athletics (11-13) 9:07 PM
b8ixle,politics,234,509,580,190,62,-0.2727,0.08450529736531624,-0.4385,0.0041359146130305925,6.166,6.083,-0.082,28.8,Trump Downgrades GOP Health Plan Status From ‘Great’ to ‘Will Exist Soon’
bh1yao,Showerthoughts,168,55,76,48,13,0.1026,0.6035250225665933,-0.1241,0.5290917430659436,3.621,3.477,-0.0835,28.0,"Down can be abbreviated with with dn, which looks like up upside dn."
bg8fdc,hearthstone,169,273,289,119,52,-0.0211,0.9151450240224215,-0.1296,0.5110280212785415,5.622,5.598,-0.0841,46.5,I officially hate secrets
bipgxv,Wetshaving,166,27,57,30,7,0.0757,0.7019077065372209,-0.0256,0.8972594186512715,2.53,2.669,-0.1012,23.3,[PIF] Valley of Ashes
bbw3x1,Animemes,195,139,144,87,18,0.1086,0.5409831274898524,-0.0213,0.9048137256852904,4.602,4.684,-0.1299,24.1,Black Hole-chan Gesugao Desu
bb3vvp,Animemes,164,21,51,39,2,0.0599,0.7665502702844972,-0.0701,0.7283739826079331,2.711,2.808,-0.13,20.8,"Psst!... Yes you, I'm talking to you, lolicon"
bf3747,food,277,297,458,200,77,0.0367,0.8000226905942639,-0.0962,0.5062767360951914,5.381,5.402,-0.133,15.3,[i ate] Japanese cheesecake
bdza00,nba,182,232,247,107,47,0.0271,0.8847597743408827,-0.124,0.5064310633291097,5.188,5.246,-0.1511,21.3,"Tony Allen explains why Pat Bev is having success guarding Kevin Durant: ""One thing that hurts those tall guys is crowded space"""
bhnja3,confusing_perspective,284,25,92,62,8,0.0832,0.5618134331829674,-0.0985,0.49167606888471976,2.876,2.848,-0.1542,29.4,Ice figure skaters
baucec,PewdiepieSubmissions,157,43,64,41,9,0.0967,0.6384927763737083,-0.0718,0.7274785196694161,3.221,3.491,-0.1685,47.8,Interesting...
b8y66m,canada,156,341,409,130,68,0.0332,0.8722326311142032,-0.1429,0.48608394652899933,6.235,6.229,-0.1703,36.7,"B.C. Realtors Blame Politicians As Detached Home Prices Drop By $170,000"
bfg1as,freefolk,151,304,333,114,69,0.3338,0.10289961467836553,0.1623,0.43824994793727284,5.838,6.053,-0.1715,25.3,Coming onto this sub and everyone is arguing whether or not Dany is MadQueen and if Sansa is intelligent.
biv4oo,gameofthrones,241,282,312,155,47,0.124,0.4280549657133986,-0.119,0.4472676732381525,5.268,5.222,-0.1961,20.0,[SPOILERS] it was just a misunderstanding.
bcquk0,leagueoflegends,189,247,286,124,49,0.1874,0.3045242991929198,-0.0171,0.9261992010936925,5.464,5.497,-0.2044,47.1,TSM VS TL LCS FINALS TRASH TALK THREAD
bdu3o9,toastme,591,568,967,426,92,0.1614,0.08760737086683919,-0.0577,0.5440377017573308,5.316,5.466,-0.2191,5.2,"M 27. After 4 Years, 75 rejections, an anxiety disorder, and health issues I self published and launched my high fantasy book, Tavern, and was met with huge success!"
bisw4c,liberta,171,371,381,134,73,0.1212,0.5311604949156643,-0.1098,0.5705862418597926,6.105,6.225,-0.231,28.3,Бунд на /r/PikabuPolitics
bixq2t,teenagers,156,52,115,71,15,-0.0031,0.9880754292282092,-0.2417,0.23418234539694205,4.156,4.24,-0.2386,21.0,My social life summed up in one pic
bai9g7,EliteDangerous,179,568,597,162,102,0.2467,0.18868631354564336,-0.0143,0.940413812725098,6.555,6.675,-0.261,45.8,"[DAILY Q&amp;A] Ask and answer any questions you have about the game here. (April 07, 2019)"
b8906v,relationships,247,601,870,241,157,-0.0245,0.8747974380219061,-0.3158,0.03677290094852221,6.593,6.567,-0.2659,13.9,My (f28) Boyfriend (m28) of 10 years caught cheating. What now?
befg0b,todayilearned,173,206,213,96,42,0.044,0.8207747314654076,-0.2303,0.22941674236988768,5.289,5.321,-0.2743,43.0,"TIL that the US Navy used to forbid ""obscene"" tattoos, which led to a boom in tattoos of nude women among men who didn't want to serve. If they joined the navy later, they had to have a tattoo artist ""dress"" the woman."
bh7ljd,formula1,197,342,376,141,79,0.1213,0.4945393649242081,-0.1821,0.30259304620210314,5.744,5.776,-0.3034,28.4,"""Verstappen no longer uses data from Gasly"""
bh8m4x,coolguides,304,475,542,226,90,0.1377,0.3162033255679413,-0.1923,0.15951313267325448,5.487,5.553,-0.33,29.5,It’s coffee o’clock
ba7si6,PunSpetsnaz,243,229,242,109,59,0.1496,0.3383348535300085,-0.1895,0.22353507508165477,4.511,4.757,-0.3391,12.7,Testing room
bd3nya,future_fight,247,593,634,204,118,0.0112,0.9424275660092076,-0.3313,0.028041461447576473,6.229,6.27,-0.3425,36.0,"Daily Question Thread - April 14, 2019"
befvx5,FreeKarma4U,281,7,8,6,2,0.5795,8.36029856639334e-06,0.2314,0.10224171605125815,0.059,0.76,-0.3481,3.5,upvote chain 2.0
beytvq,RandomActsOfGaming,388,20,61,31,6,0.2058,0.0829138940978789,-0.1602,0.1789733719016699,1.933,2.143,-0.3659,24.2,Day 3: Dark Souls III and Ashes of Ariandel DLC
bim2tu,CasualUK,247,557,595,198,111,0.1141,0.4609252692141962,-0.2547,0.09525449827583281,6.081,6.162,-0.3687,12.9,Monday morning m’thread
bj4nbg,nfl,243,219,265,145,28,0.1114,0.47699667194260315,-0.2682,0.0820498771301367,4.728,4.897,-0.3796,8.4,It looks as if the NFL will be playing games as defunct NFL franchises as part of the NFL's 100th season celebration. What defunct NFL franchise do you hope your team represents?
bfn5q8,confessions,231,44,188,112,21,0.2407,0.12954709413352913,-0.1528,0.340120955297214,3.827,4.07,-0.3935,13.7,"I just want some karma to start off on reddit and I'll be happy to upvote every comment that is dropped in exchange, deal?"
biv6oq,RoastMe,184,258,313,153,38,0.0732,0.6954589036413048,-0.3485,0.0547052984305167,5.423,5.437,-0.4217,21.2,got done with a 12 hour shift and it is my pleasure for ya’ll to roast me
ba12gy,AnthemTheGame,282,372,405,195,49,0.2074,0.14410581611573234,-0.2146,0.1305123792821449,5.159,5.377,-0.422,38.0,I keep seeing the same face everywhere......
b8ybg9,politics,165,402,463,146,83,0.2547,0.19083032088382446,-0.1747,0.37379576285940536,6.191,6.291,-0.4295,30.2,"Short of Workers, U.S. Builders and Farmers Crave More Immigrants"
bfll8w,CatastrophicFailure,293,338,368,163,65,0.1987,0.15379976252883754,-0.2397,0.08390855627565492,5.156,5.257,-0.4383,26.8,Fertilizer plant in exploding Western Texas back in 2013
bhz869,onguardforthee,181,436,462,141,79,0.1843,0.3208209379865147,-0.2635,0.15212114102053126,6.028,6.139,-0.4478,34.1,MAGACanada and personal responsibility
bbgpoc,melbourne,174,459,488,152,81,0.2272,0.23595866155370934,-0.2486,0.1933842883700059,6.205,6.369,-0.4758,43.3,"200,000 union comrades"
bahjg5,SquaredCircle,486,849,1003,404,208,0.2448,0.018662085053560172,-0.2389,0.02181781266394967,5.82,5.92,-0.4837,44.2,"Ric Flair: ""It's Official, Charlotte Is No Longer Ric Flair's Daughter. I Am Charlotte Flair's Dad! All The Accolades That Have Come My Way Over Time Are Diminished By Her Accomplishments Now! I Am So Proud Of You Charlotte."""
b958nf,MtvChallenge,166,366,410,150,75,0.3233,0.0933207012057727,-0.1646,0.40255500308153014,6.147,6.245,-0.4879,44.7,Wes and Da’Vonne Drama Megathread
b911t3,politics,244,365,424,166,73,0.2239,0.14898386214427922,-0.2641,0.08701504328732748,5.672,5.726,-0.488,23.7,Buttigieg: Trump's actions make it hard to think he 'believes in God'
bidd7c,TumblrInAction,145,315,323,119,57,0.1644,0.4426449791205949,-0.341,0.10293973125017845,5.91,6.088,-0.5054,43.2,Does this count for Sanity Sunday?
bho767,titanfall,177,276,304,136,52,0.6182,0.0002720049137281559,0.102,0.5917484828357438,5.555,5.843,-0.5162,28.7,My first meme so pls be easy on me
bemnn9,news,264,569,643,221,132,0.2477,0.09322103739599256,-0.2692,0.06726913678332301,6.029,6.099,-0.5169,7.3,Read the text of the full Mueller report
bdtf2e,ffxiv,158,305,328,133,58,0.0739,0.7197743925056119,-0.4831,0.012426680910894066,5.851,5.818,-0.5243,33.5,You know what's sad?
bhkcxg,Aleague,207,251,280,141,52,0.4567,0.005116033645905271,-0.0775,0.6533717621730201,5.165,5.424,-0.5341,11.8,Match Thread: Melbourne City vs Central Coast Mariners (2018/19 A-League - Round 27)
bi89ao,snooker,275,379,447,205,76,0.136,0.34650012496662347,-0.4046,0.0035633959231405918,5.544,5.602,-0.5406,23.5,{Discussion Thread} World Championship 2019 - Day 9 (28/4)
bhvq89,LifeProTips,221,287,333,151,56,0.4152,0.008579238499683157,-0.1258,0.44529640971468243,5.504,5.61,-0.541,46.1,"LPT: before buying a product that is fairly common (not niche) online, search for videos or streamers who have been sponsored by the company behind that product. Usually, you will find a discount code and be able to get more value out of that product"
bi3hjq,Drama,211,323,358,139,67,0.3214,0.05244839902670871,-0.237,0.15787506734006732,5.448,5.714,-0.5583,27.1,Scientists say that drinking alcohol during pregnancy is unsafe. /r/Science white-knights melt the fuck down.
be3856,StarWars,263,463,495,196,77,0.1938,0.1917933553732517,-0.3694,0.010597662387579934,5.723,5.868,-0.5632,13.7,Rey cosplayers recreate the Mirror Cave scene from the Last Jedi | Celebration Chicago 2019
bhl6vj,btc,302,662,740,241,142,0.3315,0.013414157022046668,-0.2435,0.07323896777685199,6.111,6.227,-0.575,41.6,"Jonathan Toomim: ""BCH will not allow block sizes that are large enough to wreak havoc. We do our capacity engineering before lifting the capacity limits. BCH's limit is 32 MB, which the network can handle. BSV does not share this approach, and raises limits before improving actual capacity."""
bamx8x,nba,440,518,635,332,96,0.3393,0.0017036593419772921,-0.2361,0.03164819587889974,5.302,5.601,-0.5754,16.2,"GAME THREAD: Denver Nuggets (53-26) @ Portland Trail Blazers (50-29) - (April 07, 2019)"
bb5iw7,ihadastroke,218,155,171,88,30,0.3159,0.05333081410184722,-0.2679,0.10390288983188559,4.045,4.479,-0.5838,18.5,beter grifgrif
bh1ywb,gameofthrones,280,418,483,200,76,0.4216,0.002064367921125535,-0.1693,0.23490303089174275,5.473,5.852,-0.5909,47.2,[NO SPOILERS] All of you talking about who has the strongest plot armour are forgetting about this
b80522,IASIP,268,351,373,176,72,0.298,0.03965240833583295,-0.2944,0.04226571601727727,4.998,5.345,-0.5924,28.1,"TIL that on April Fools day one year, the gang sent Danny Devito a script where he goes to prison and gets raped. Joins white supremacists for protection and gets raped by them. Then asks guards for help, only to be raped by them as well. This was the first time Danny said “I can’t do this guys”"
bd2jl8,ChapoTrapHouse,242,492,554,197,94,0.3623,0.016964468257235684,-0.2337,0.13143787483414976,5.983,6.066,-0.596,41.3,Fuck this. Fuck Libs.
bi4k1v,NYYankees,262,350,393,171,60,0.355,0.014353016125747485,-0.2482,0.09256206042364837,5.393,5.573,-0.6031,18.4,IT'S WHAT YOU WANT: The Yankees (15-11) defeated the Giants (11-15) by a score of 6-4 - Sat Apr 27 @ 04:05PM EDT
bblsnm,AskReddit,321,501,555,249,62,0.456,0.00028418013790380554,-0.1537,0.24516040855075927,5.547,5.827,-0.6097,23.6,What product you're never ever going to buy is constantly being advertised to you?
b9ewt3,ukpolitics,606,1577,1701,492,292,0.3473,0.00013352026782208648,-0.2727,0.003062146914584592,6.276,6.472,-0.62,35.6,Is Anyone Else Frightened By The Gaslighting Going On In Our Democracy?
bg1hhc,Showerthoughts,370,451,652,288,155,0.3748,0.0015089553374452304,-0.2485,0.039504351260282615,5.54,5.704,-0.6233,19.3,You don’t realize you’re tall until you’re around not-tall people.
bdurhc,NYYankees,310,312,425,187,76,0.2093,0.11818721330551057,-0.4142,0.0013602643315911208,5.073,5.215,-0.6235,13.6,"[Yankees PR] Prior to tonight’s game, the Yankees placed 1B Greg Bird on the 10-day IL (retroactive to 4/14) with a left plantar fascia tear and selected INF Mike Ford from @swbrailriders and signed him to a Major League contract. OF Jacoby Ellsbury was also transferred to the 60-day IL."
bclhes,rarepuppers,218,190,311,162,26,0.1899,0.25356182008113864,-0.435,0.0063468476669509945,5.017,5.184,-0.6249,23.5,This good girl just got cancer free!
bb1o3x,iphone,195,277,349,150,57,-0.0138,0.9384524593741745,-0.6396,4.6493967626129474e-05,5.647,5.7,-0.6259,47.2,"I hate the square cut out. Sorry if you guys do, but I think it’s so ugly and not an Apple look. Just my opinion"
bff52w,AmItheAsshole,157,256,309,120,74,0.2106,0.30167312408671876,-0.4169,0.034110693559686496,5.606,5.807,-0.6275,23.1,AITA for insulting my gf's cat?
bb65zy,Kings_Raid,256,720,773,216,131,0.2236,0.13524607320711401,-0.4044,0.00531344546370644,6.496,6.613,-0.628,41.7,"Daily Question Thread - April 09, 2019"
bj4i4y,pathofexile,346,912,1069,319,198,0.1426,0.2608984569327712,-0.4866,4.567802334589091e-05,6.388,6.503,-0.6292,8.3,"People are disappointed at no mayhem league, but let me tell you the tale of URF in League of Legends...."
bg9els,gundeals,201,343,365,137,56,0.3954,0.018732408781874342,-0.2356,0.1730486639318454,5.387,5.689,-0.631,24.6,[acc] MAGA AR Furniture $269
bc1c92,The_Donald,177,263,291,123,40,0.1362,0.47283190555300303,-0.5001,0.004894387917745741,5.458,5.501,-0.6363,29.0,"**THROWBACK THURSDAY** March 20, 2017 - Vox: ""All of Trump’s wiretap claims have now officially been debunked by the FBI and NSA"". OOPSIE"
b9upn2,AskReddit,169,204,251,131,40,0.404,0.03299715223857706,-0.2405,0.21762896611405202,5.246,5.347,-0.6445,31.0,What is your teenage phase that turned out not to be a phase?
ba8dd0,nba,304,332,390,215,65,0.222,0.10325740077144126,-0.4295,0.001067456620538329,5.076,5.142,-0.6515,12.5,"GAME THREAD: Brooklyn Nets (39-40) @ Milwaukee Bucks (59-20) - (April 06, 2019)"
bg43xq,GamersRiseUp,162,200,215,98,29,0.1842,0.35783791881119803,-0.4867,0.010039081436591884,4.986,5.161,-0.6709,44.7,Ben Shapiro *Complements* dumb libtard with facts and logic.
basese,rarepuppers,175,62,194,121,17,0.3923,0.03201567228394108,-0.2803,0.13349413111406816,3.803,4.161,-0.6726,36.8,Molly
b9xly1,BravoRealHousewives,154,294,338,131,54,0.1539,0.46262973898005755,-0.5189,0.007870589685911734,5.905,6.017,-0.6728,45.0,"Is this a new low? Rinna insinuating that a troll message is coming from Pandora, Lisa’s daughter."
bb3xlx,Cubers,232,458,490,176,111,0.3213,0.04051724182959475,-0.3567,0.022066091610091692,5.743,5.954,-0.678,42.4,"Daily Discussion Thread - Apr 09, 2019"
bbijky,BikiniBottomTwitter,265,350,404,172,73,0.4578,0.0010704351044630665,-0.2251,0.12398879734912954,5.133,5.672,-0.6829,30.2,Pretty much how college works
bg4k6u,cursedimages,222,168,182,111,29,0.4254,0.006932427171869927,-0.2686,0.09822708882341592,4.42,4.747,-0.6941,24.7,Cursed_DeerMan
bir4vw,AskTrumpSupporters,316,768,872,252,159,0.564,4.008999843121077e-06,-0.1467,0.2716748178161696,6.154,6.479,-0.7108,28.6,"Trump has accused authorities of conducting illegal investigations. Most recently, he has accused the NY AG of illegally trying to take down the NRA. Is this a fair accusation, and, what, to you, is an illegal investigation?"
be2ah2,SquaredCircle,265,446,486,192,97,0.3578,0.01253763834534192,-0.355,0.013293272182468863,5.567,5.888,-0.7128,17.7,[Smackdown Spoilers] New Smackdown Superstar sends a message to Mr McMahon and the roster
bgnvi5,CFB,213,206,223,111,40,0.4137,0.01092212442496197,-0.3131,0.059186172797980184,4.417,4.912,-0.7268,47.1,"One fired, another suspended from Georgia’s football recruiting office"
b9ce36,kpop,466,1004,1167,394,234,0.5839,2.3564608920155298e-09,-0.1495,0.16437575034939547,6.134,6.399,-0.7334,12.9,"BTS, EXO, and Got7 nominated for the 2019 Billboard Music Awards Top Social Artist!"
ba3rbp,teenagers,165,53,138,89,25,0.1821,0.3537877442332633,-0.5601,0.0019370271553801736,4.159,4.26,-0.7422,34.3,Do you ever just look at someone’s username and try and imagine what they look like. No? Just me? Okay...
bb5eiu,PewdiepieSubmissions,143,76,112,64,19,0.5627,0.005183661180839491,-0.1799,0.41135402147569966,4.053,4.357,-0.7427,7.5,OH god
bhmmoh,nfl,290,210,224,126,29,0.3889,0.004006291465842108,-0.3721,0.006081836042905731,4.368,4.6,-0.7609,21.7,"The Jacksonville Jaguars will play the Buffalo Bills in the 2021 season, providing an opportunity for Josh Allen to sack Josh Allen"
bi7pos,todayilearned,193,36,145,88,35,0.3814,0.02851559629006038,-0.3831,0.02774786450562831,3.96,4.287,-0.7645,35.9,"TIL there is a 1420 book that was found to have cat piss on one of its pages. The author of the manuscript even wrote on the page ""Cursed be the pesty cat that urinated over this book during the night in Deventer... and beware well not to leave open books at night where cats can come."""
bdbu0w,stopdrinking,394,422,694,294,88,0.2965,0.010868807587415904,-0.4759,2.0847529604082474e-05,5.402,5.579,-0.7724,37.8,"The Daily Check-In for Monday, April 15, 2019: Just for today, I am NOT drinking!"
bj3wge,Showerthoughts,190,378,432,155,91,0.1683,0.3491643945965692,-0.609,0.00016895689674658717,5.931,6.024,-0.7773,9.5,"Saying there are no aliens in the Universe from what we can detect is like seeing no fish in a raindrop, and then saying there are no fish in the entire Ocean."
be6o1x,nfl,193,426,468,154,103,0.2468,0.16623827207170114,-0.5671,0.0005792247890418975,6.001,6.108,-0.8138,40.1,"[OC] Film Room: Quinnen Williams is the best prospect in the 2019 NFL Draft | Elite hand usage, club-swim for penetration, occasionally struggled with combination blocks (7:57)"
b93lj5,ChapoTrapHouse,234,332,377,168,63,0.392,0.011256063264249596,-0.4314,0.004856215021654244,5.316,5.653,-0.8234,28.6,"Lol Matt got suspended from Twitter because liberals thought ""Pete Buttchug"" was homophobic"
bij9l8,illnessfakers,370,889,1023,315,185,0.5255,3.5436397332807883e-06,-0.3086,0.009889029725482149,6.118,6.444,-0.8341,45.1,Jaq dying??
bivl85,gameofthrones,216,325,389,182,67,0.4339,0.006501917451340303,-0.4075,0.011112802699088844,5.542,5.727,-0.8413,23.3,[SPOILERS] Credit's given where it's due.
bj7ur6,thewallstreet,150,261,280,109,61,0.5362,0.005726932182951727,-0.3105,0.13090859317478212,5.52,5.893,-0.8467,3.3,Post Market Discussion - (April 30)
bi5fhg,politics,146,267,319,126,49,0.5102,0.010855780163668994,-0.3495,0.09410808088556911,5.688,5.847,-0.8597,37.4,"Without once mentioning the Civil War, Georgia Gov. Brian Kemp signs bill protecting Confederate monuments, other memorials"
bdanvg,TopMindsOfReddit,245,494,528,197,74,0.5313,0.0002063552400419859,-0.3308,0.028266528368835767,5.844,6.083,-0.8622,46.8,Trump Supporters Just LOVE Theocracy...as Long as it's Christian!
biattp,iphone,406,633,714,306,145,0.5396,4.896706164559687e-07,-0.3275,0.00388155724234231,5.524,5.776,-0.8671,22.4,Grandma’s getting an upgrade
bh503m,CryptoCurrency,208,403,419,147,67,0.3327,0.04741562676560318,-0.5351,0.0007730512151381669,5.965,6.061,-0.8678,39.7,Bloomberg: The 50 Trillion Dollar Supply Chain Industry is Moving to Blockchain
bihwpe,pathofexile,353,997,1038,307,180,0.4004,0.0009514183023326515,-0.4685,8.303813028384213e-05,6.428,6.619,-0.8688,38.2,"Questions Thread - April 29, 2019"
bhbkij,nba,202,402,471,171,86,0.4649,0.004897782117294405,-0.4105,0.014307413670245243,5.955,6.232,-0.8754,23.0,"[Royce Young] Westbrook was asked what his ""process"" is if he's struggling shooting from a particular place on the floor and teams are giving him that shot: ""There's no process. Shoot it. That's it."""
b8784y,soccer,252,296,441,213,73,0.3559,0.016410565722951406,-0.5382,0.00013706923171100363,5.144,5.55,-0.8941,20.9,Aaron Ramsey disallowed goal against Newcastle 13'
bfsa14,freefolk,282,360,430,188,81,0.5997,3.316944149883616e-06,-0.3118,0.02594222551223652,5.186,5.599,-0.9114,46.3,When you've watched a GoT episode early so you can go to sleep at an appropriate time tonight
bipjud,NintendoSwitch,297,546,640,246,131,0.3331,0.01383879343644653,-0.5789,4.530670117491212e-06,5.943,6.161,-0.912,33.9,Indie Game Removed From Switch eShop After Dev Reveals It Contains A Hidden Code Editor.
bbj53j,natureismetal,383,832,949,312,176,0.383,0.0009789113500681425,-0.5335,1.6641810553386701e-06,5.985,6.281,-0.9165,31.8,This bird with an arrow
bfku03,nottheonion,311,440,605,227,111,0.501,7.199364792024514e-05,-0.4155,0.0013094778286336073,5.454,5.775,-0.9165,15.5,"Millions using 123456 as password, security study finds"
bihxbo,running,151,403,436,128,90,0.8058,1.1656688603091361e-06,-0.1124,0.5927907095242215,6.205,6.529,-0.9182,40.5,"Official Q&amp;A for Monday, April 29, 2019"
bih73h,MMA,283,561,709,231,127,0.4404,0.0012210653602407796,-0.4783,0.0003858287169112918,5.83,6.087,-0.9186,47.0,Bellator 220 salaries: 20 of 36 fighters on the card made 3k or less. More than 80% of the payout went to main card fighters.
bhwpdf,gameofthrones,302,311,354,201,50,0.3701,0.005417106592473944,-0.5498,1.3750258309776106e-05,4.998,5.24,-0.9199,46.1,[NO SPOILERS] A creative way to prepare for the next episode...
basd6w,politics,593,1041,1223,435,161,0.5867,8.593787517992411e-12,-0.3549,0.00011491168037999652,5.681,6.033,-0.9415,34.9,"Trump Demanded Kirstjen Nielsen Do Illegal Things to Stop Migrants, Report Says"
b8kf0j,AskEurope,201,362,396,149,81,0.2464,0.1536600898780592,-0.7038,2.393510268594525e-06,5.842,5.958,-0.9502,38.8,Where do you think the line between Central and Eastern Europe is?
bbsyk9,CasualConversation,396,553,702,296,126,0.5838,4.777298060405248e-08,-0.3719,0.001105295533499896,5.403,5.796,-0.9557,27.7,I’m colorblind and I tried EnChroma glasses today! I literally screamed.
b8zxow,ClevelandIndians,403,419,495,261,77,0.5451,4.276612575650641e-07,-0.4191,0.00018211662279190598,4.877,5.484,-0.9642,21.7,"[Game Thread] White Sox (1-3) @ Indians (2-2) - April 3, 2019"
bhpxcl,MLBTheShow,239,421,479,189,93,0.4841,0.0011617147467614384,-0.4901,0.0009863289491582503,5.716,5.961,-0.9741,44.4,New Guerrero Jr.
bio2wf,thedivision,161,397,463,144,80,0.4951,0.008645263604568257,-0.5049,0.0072330627621729066,6.298,6.521,-1.0,31.0,CMV: Changing shotgun melee damage to armour damage would completely improve current gameplay.
bia5l7,LifeProTips,264,621,706,214,128,0.5278,0.000137468749183036,-0.4731,0.0007851807395297312,6.054,6.379,-1.0009,35.4,LPT: Learn to end relationships
bij8t2,JonWinsTheThrone,261,298,326,156,59,0.4709,0.0008365987077093685,-0.5312,0.00012206438065949941,4.742,5.364,-1.0021,31.5,And now his watch is ended
bdjtwo,news,225,327,350,154,73,0.4135,0.007995291660913518,-0.5937,5.37724481731601e-05,5.395,5.51,-1.0073,47.2,"A fake delivery man shot a woman with a crossbow in a ‘targeted’ hit, police say."
bj59dp,politics,363,828,892,305,148,0.6163,2.822976162502678e-08,-0.398,0.0008504031754170918,5.826,6.32,-1.0143,7.5,It’s no coincidence the synagogue shooter posted about the ‘red pill movement’
b7xiri,MMA,150,70,171,87,27,0.4366,0.029114372580344466,-0.578,0.002478419664061409,4.575,4.86,-1.0145,20.4,Chuck Liddell last training camp location
bcwe5t,leagueoflegends,380,433,555,270,91,0.6743,1.1470577155522112e-10,-0.3406,0.003657475511296655,5.033,5.595,-1.0149,30.2,TSM vs TL | LCS Spring Finals | Game 3 Discussion
b9vufq,soccer,293,426,550,227,104,0.7147,1.848897297381137e-09,-0.3005,0.028773537010545015,5.505,5.905,-1.0152,39.4,Sky Sports confirm that VAR would not have disallowed Liverpool's goal against Southampton
bicis3,Steam,255,563,662,221,114,0.7238,1.3131947631800146e-08,-0.2941,0.047256752784655874,6.107,6.458,-1.018,46.3,"""At the request of the publisher, Anno 1800 is unlisted on the Steam store and will not appear in search. """
bhpwql,nfl,335,525,692,271,120,0.452,0.00022603502844998935,-0.5711,1.2490747345999145e-06,5.72,5.972,-1.0232,20.9,"[Infante] So @RapSheet just said on NFL Network that a Josh Rosen trade ""is not close."" @MikeGarafolo says the Dolphins feel a second round pick ""is too high of a price"" and the deal ""is definitely not on the verge of being done."""
b901vf,unpopularopinion,217,300,366,144,82,0.4156,0.009452259002714146,-0.6281,2.420990909433467e-05,5.4,5.687,-1.0438,35.2,Their should be an option on Reddit to make your profile private
behkjs,CringeAnarchy,169,268,304,124,37,0.4244,0.02438046379983896,-0.6307,0.00032075428044921753,5.482,5.693,-1.0551,34.2,Your average Reddit tranny
bgnshv,nba,213,231,275,142,56,0.4325,0.007512843138624101,-0.6293,3.0145011529602394e-05,5.068,5.33,-1.0618,23.2,Marc Gasol sends DJ Augustin back to Florida with the brutal block
b8kt0q,The_Donald,198,331,414,160,42,0.4119,0.015486600428889502,-0.6517,2.9748938842522405e-05,5.629,5.785,-1.0637,25.2,Donald Trump Jr. on Twitter: Wow! CBS Portrays Human Smugglers as Helpful Humanitarians. Great work guys 🙄
bb3il0,CollegeBasketball,361,835,1004,329,187,0.3103,0.010592171899652872,-0.7576,1.1611857701451763e-13,6.194,6.365,-1.068,30.3,"[Serious] [Post Game Thread] (1) Virginia defeats (3) Texas Tech, 85-77"
bcmvgx,hockey,539,592,710,334,112,0.5255,1.420033388372293e-08,-0.5428,3.7692077238370545e-09,4.958,5.381,-1.0683,21.8,Post Game Thread: St. Louis Blues at Winnipeg Jets - 12 Apr 2019
bj5j4y,vive_vr,181,286,377,137,72,0.4965,0.004499922559779127,-0.5943,0.000423198887027034,5.764,6.019,-1.0908,7.1,"Valve Index specs confirmed. Vive pro res, 144hz, special headphones and lenses."
bd9htz,AmItheAsshole,254,607,754,221,128,0.4659,0.0012578163532982352,-0.6409,2.114285860159965e-06,6.187,6.415,-1.1068,41.0,AITA for getting healthy and refusing to eat my wife's cooking or feeding my kids food I wont/can't eat?
bao278,SquaredCircle,357,457,564,237,75,0.5349,3.720128640187618e-06,-0.5859,2.3592013501686776e-07,5.339,5.618,-1.1208,21.3,[Wrestlemania Spoilers] Finish to WWE Title match - Kofi Kingston vs Daniel Bryan
bbun0u,nba,317,439,504,200,91,0.5638,4.058712195466681e-06,-0.5671,3.456255038305326e-06,5.25,5.65,-1.1309,38.3,"OKC's record 2 seasons ago: 47-35, last season: 48-34, this season: 49-33. Improvement."
bherb5,FortNiteBR,212,205,264,147,39,0.4336,0.007340038756667229,-0.6987,1.5146673098858054e-06,4.967,5.2,-1.1323,34.6,Add Colours to the Emote Wheel to Make Finding a Specific Emote Easier.
bdvw0w,politics,295,468,558,196,111,0.6588,6.095439564971106e-08,-0.4851,0.0002013351433317853,5.538,5.862,-1.1439,33.9,50% Of Americans Say Recreational Marijuana Should Be Legalized
bivjfy,gameofthrones,614,1107,1249,495,206,0.6289,3.1496525350753325e-14,-0.5213,1.6764502794566732e-09,5.645,6.138,-1.1502,25.6,[SPOILERS] My favourite shot from tonight’s episode. Stunning!
bb4sme,nfl,265,397,426,194,76,0.5724,2.1331478747919122e-05,-0.5781,1.6820100895589567e-05,5.435,5.802,-1.1505,39.4,What does your fanbase tend to be the most oversensitive about?
binzqg,vaxxhappened,303,464,525,208,94,0.6277,2.905732299133209e-07,-0.5421,1.9102451953293435e-05,5.194,5.68,-1.1699,36.0,I have no clue why there is an outbreak
bdy1cb,wallstreetbets,604,571,695,320,118,0.5818,9.138295204496573e-12,-0.5887,4.546287922179382e-12,4.511,5.218,-1.1705,20.6,Netflix (NFLX) Earnings Thread; Keep all discussion here
bj32b2,MMA,202,80,216,119,33,0.47,0.004391853369964739,-0.7111,1.6846957526231448e-06,4.489,4.891,-1.1811,10.4,Tito Ortiz: “I’ll never let my fans down until now”
bigal5,thedivision,174,519,592,155,95,0.5158,0.004181510766088326,-0.6868,3.882661366998069e-05,6.548,6.832,-1.2026,45.4,Are we ever going to see build diversity that isn’t just a different route to the same endpoint (ie high gun damage)?
bg4sqb,pathofexile,426,926,1276,377,262,0.5105,1.3166565162850796e-06,-0.6977,6.43741115553452e-13,6.177,6.454,-1.2081,46.1,Certain stash tabs have become so important that this game can no longer be considered F2P/Non pay-to-win. Change my mind.
bguwnn,Rainbow6,187,155,196,120,32,0.5591,0.0008790083928963195,-0.69,1.2470567652779866e-05,4.737,4.973,-1.2491,40.9,My godsent teammates.
b9jvfk,The_Donald,181,350,358,139,43,0.6314,0.0001394156693876809,-0.6472,8.331352145886631e-05,5.37,6.126,-1.2786,37.9,The Logic of the Left
bf8cfh,Sneakers,276,316,397,182,60,0.6723,8.988623737030765e-08,-0.6351,7.253948544041173e-07,4.909,5.854,-1.3074,42.0,Nike SB Dunk High “Dog Walkers” Release Megathread 4/20
bau427,nfl,559,704,862,369,169,0.6876,3.9383582954800352e-16,-0.6515,3.951056645725475e-14,5.257,5.7,-1.3391,31.7,[NFL] Le’Veon Bell shows up to day 1 of optional offseason workouts
bbyrxz,nrl,416,717,877,334,133,0.6051,4.400087895523592e-09,-0.7386,1.1771925663883594e-14,5.706,6.143,-1.3438,17.1,Round 5: Broncos vs Tigers | Post Match Discussion Thread
bgsrft,theydidthemath,361,747,818,262,149,0.6362,7.225295452321048e-09,-0.7226,5.09770018552833e-12,5.695,6.194,-1.3588,46.5,[Request] Does this check out on billionaires ability to end world hunger?
bcsgcp,leagueoflegends,529,859,1060,441,206,0.7422,9.923049000565593e-19,-0.6344,1.3817073147352806e-12,5.606,6.026,-1.3766,17.4,OG vs FNC | Semifinal | LEC Spring Split | Game 2 Discussion
bid16m,MagicArena,153,302,354,120,62,0.8108,8.904956383437165e-07,-0.5692,0.0029803158686151684,5.842,6.202,-1.38,40.8,Did they forget to add “Unblockable” to Silent Submersible?
bglwmk,teenagers,178,37,131,72,22,0.6574,7.913395844319226e-05,-0.7382,3.225158676927748e-06,3.876,4.398,-1.3956,31.9,Math class in a nutshell
ba7y46,nfl,320,543,599,270,103,0.697,8.681036180743358e-10,-0.7074,3.759597608932175e-10,5.571,5.923,-1.4044,46.2,What’s something realistic you can see your team doing in the draft that would make you lose your shit?
baawtx,leagueoflegends,385,504,615,284,97,0.6428,1.1432694836879451e-09,-0.7618,7.810450636487587e-15,5.111,5.741,-1.4046,15.6,TSM vs C9 Game 4 Discussion | LCS Playoffs Semi-Finals
bgufa9,Persona5,162,192,210,108,40,0.7474,7.4718973728900205e-06,-0.6653,0.0001525643690817578,4.976,5.575,-1.4127,41.3,Persona 5 The Royal Visual
bh4avf,LitecoinMarkets,147,228,247,91,51,0.7478,2.6656083579371248e-05,-0.6658,0.0003836454541804847,5.275,6.096,-1.4136,23.5,"[Daily Discussion] Thursday, April 25, 2019"
bamx2l,FortNiteBR,226,251,277,150,46,0.7272,1.066265457643033e-07,-0.7036,4.1084892479085615e-07,4.73,5.427,-1.4308,18.4,Daily Shop (2019-04-8)
be4ewl,Denver,212,397,471,176,99,0.7948,4.262647682492861e-09,-0.6375,2.1976275765166244e-05,5.693,6.211,-1.4323,20.0,All Jeffco schools have been canceled
bebtgj,nba,298,396,516,227,91,0.8145,6.785636788331763e-14,-0.6201,5.71130873760302e-07,5.128,5.881,-1.4346,25.8,"Asked if he deserves to be enshrined in the Hall of Fame, Lou Williams replied ""Yeah, I've seen guys in the Hall of Fame with less. I've put the work in."""
biatly,movies,269,578,672,226,117,0.6467,6.831985265392734e-07,-0.8165,1.5000135769857523e-12,6.019,6.369,-1.4633,45.7,Which Is A Film You Love More Than The Director's More Popular Works?
bhs0vc,CFB,502,450,481,271,79,0.7328,3.1514515910374075e-17,-0.7311,4.0180583914804426e-17,4.484,5.185,-1.4639,5.3,NFL Draft: Rounds 2 and 3
beo5gy,RocketLeagueExchange,233,378,408,173,89,0.7578,9.63585323329416e-09,-0.7136,1.6317531321160082e-07,5.253,6.118,-1.4714,30.0,[Discussion] Stumbled on NEW FAN REWARDS?!
bg84do,nostalgia,174,190,241,111,44,0.8867,1.5344734756603077e-10,-0.5879,0.0007963693480786006,4.683,5.635,-1.4746,35.3,When gas prices were under $1
bhr03n,soccer,158,78,186,110,26,0.8081,5.942144650696996e-07,-0.6795,0.0001345156747907779,4.422,4.876,-1.4877,22.7,Liverpool [4]:0 Huddersfield - Sadio Mane 66'
be9p4j,SquaredCircle,169,311,326,129,60,0.7362,7.983670852622522e-06,-0.7532,3.739793210178031e-06,5.607,6.152,-1.4894,27.6,Ricochet's Mom Lost Her Home In A House Fire
baw9c6,CFB,162,318,346,130,72,0.8302,8.483489931614263e-08,-0.6622,0.00016822331011265399,5.718,6.206,-1.4924,41.6,What is the best team to lose a national championship game?
bh7oud,AskReddit,164,275,302,132,57,0.813,2.561316214695959e-07,-0.6996,4.876580422038116e-05,5.406,6.0,-1.5127,35.8,What products would not be created if people weren't be so stupid?
ba612q,soccer,175,64,177,120,19,0.7691,6.854921533721695e-07,-0.7685,7.053509242469998e-07,4.038,4.727,-1.5376,2.0,Match Thread: Willem II Tilburg vs Ajax Amsterdam [Dutch Eredivisie]
bh66b5,MMA,240,590,631,194,125,0.7782,8.158521714915138e-10,-0.7898,3.0484199158830535e-10,5.969,6.671,-1.5681,40.1,Anthony Smith sets a trap for Ozdemir's trap
b9arln,space,188,380,404,145,64,0.8827,2.348705081834626e-11,-0.6927,1.1138197263149098e-05,5.782,6.246,-1.5755,13.9,Main engine start of a Space Shuttle
bj2grp,nevertellmetheodds,283,284,292,150,50,0.7942,3.5394810686251585e-12,-0.8058,9.875299264391829e-13,4.468,5.147,-1.6,10.0,If he didn’t give the thumbs up
bbbwyg,MMA,177,250,298,133,36,0.8964,2.1034995879980635e-11,-0.7041,1.4150049868322715e-05,5.268,5.754,-1.6005,2.1,Breaking: TJ Dillashaw has been suspended two years by USADA. Tested positive for EPO prior to Jan. 19 title fight against Henry Cejudo. Dillashaw did not contest the suspension. https://t.co/R8zYWJinxN
bhno39,childfree,205,436,497,177,96,0.8774,2.1916810790864265e-12,-0.7561,9.656769844977435e-08,5.748,6.438,-1.6335,36.9,I don't date guys with kids and it blows this guys mind!
b9t8dw,unitedkingdom,154,243,270,94,47,0.8486,8.333553965565628e-08,-0.7939,2.1734683294635818e-06,5.492,5.856,-1.6425,20.0,Brexit talks between Labour and Government break down
bifc19,france,146,315,327,124,56,0.8814,1.2825661572152096e-08,-0.8545,1.0727791313907603e-07,5.569,6.291,-1.7359,40.3,Sonne familier ?
bii8zq,slavelabour,137,26,153,79,34,0.8713,1.3130486592674005e-07,-0.8667,1.8178504585415423e-07,3.348,4.197,-1.738,41.1,[Task] $2 Watch my little brothers stream
bakdhj,Braves,162,230,259,106,48,0.9556,8.999479652319186e-15,-0.9317,1.6902126825391711e-12,4.971,5.83,-1.8873,17.5,"Post Game Thread: Miami Marlins (3-7) vs. Atlanta Braves (5-4), Sunday, April 07, 2019 @ 1:20 PM"
