ID,Topic,Content,Aspects,Published Date Time Flag
0,Global Climate Summit Achieves Major Emissions Agreement,"In a landmark decision at the Global Climate Summit held yesterday, world leaders have agreed to a new set of emissions targets aimed at limiting global warming to 1.5 degrees Celsius. The agreement, hailed by environmental groups, includes commitments from both developed and developing nations to reduce carbon footprints, invest in renewable energy, and implement stricter regulations on industrial emissions. Critics argue that the targets may still be insufficient to prevent severe climate impacts, while supporters believe this is a significant step forward in international cooperation. The summit also addressed issues related to climate finance, technology transfer, and the protection of vulnerable ecosystems. Experts emphasize the importance of timely action and the need for robust monitoring mechanisms to ensure compliance.","Climate Change,International Agreements,Emissions Reduction,Renewable Energy,Environmental Policy,Global Cooperation,Criticism and Support,Climate Finance,Technology Transfer,Ecosystem Protection,Policy Implementation,Monitoring Mechanisms",2025-01-10T09:30:00Z
1,Breakthrough in Quantum Computing Announced by Tech Giant,"Tech innovator QuantumLeap has announced a breakthrough in quantum computing technology, claiming to have developed qubits that are 100 times more stable than current models. This advancement could significantly accelerate the development of quantum computers, making them more reliable and practical for widespread use. The company's CEO highlighted potential applications in cryptography, drug discovery, and complex simulations. However, industry experts caution that there are still substantial challenges to overcome before quantum computing becomes mainstream. Investors have reacted positively, with QuantumLeap's stock surging by 15% following the announcement.","Quantum Computing,Technological Breakthrough,Qubits,Stability,Applications,Cryptography,Drug Discovery,Simulations,Industry Challenges,Market Reaction,Investment,Future Prospects",2025-01-12T14:45:00Z
2,Major Healthcare Reform Passed in Senate,"The United States Senate has passed a comprehensive healthcare reform bill aimed at expanding coverage, reducing costs, and improving the quality of care. The legislation includes provisions for lowering prescription drug prices, increasing funding for mental health services, and expanding Medicaid eligibility. Proponents argue that the reform will make healthcare more accessible and affordable for millions of Americans, while opponents raise concerns about the potential increase in government spending and regulatory burdens on businesses. The bill now moves to the House of Representatives for further deliberation.","Healthcare Reform,Legislation,Senate Approval,Coverage Expansion,Cost Reduction,Quality of Care,Prescription Drug Prices,Mental Health Services,Medicaid Expansion,Proponents and Opponents,Government Spending,Business Impact,House Deliberation",2025-01-14T11:20:00Z
3,Historic Peace Agreement Signed in Middle East,"After decades of conflict, a historic peace agreement has been signed between the warring nations in the Middle East. The accord, brokered by international mediators, includes mutual recognition, cessation of hostilities, and plans for economic cooperation and cultural exchange. Leaders from both sides expressed optimism about the prospects for lasting peace, though some factions remain skeptical and opposed to the agreement. Humanitarian organizations have welcomed the deal, anticipating a reduction in refugee flows and improved regional stability. The international community has largely praised the agreement as a significant achievement in conflict resolution.","Peace Agreement,Middle East,Conflict Resolution,International Mediation,Mutual Recognition,Ceasefire, Economic Cooperation,Cultural Exchange,Leadership,Optimism and Skepticism,Humanitarian Impact,Refugee Reduction,Regional Stability,International Praise",2025-01-13T08:15:00Z
4,Advancements in Renewable Energy Storage Solutions,"Renewable energy sector sees significant advancements with the introduction of new energy storage solutions that promise higher efficiency and longer lifespan. Companies like GreenStore and SolarSave have unveiled battery technologies that can store energy more effectively, addressing one of the major challenges in renewable energy adoption. These technologies are expected to enhance the viability of solar and wind power by mitigating intermittency issues. Environmentalists celebrate these developments as crucial for reducing reliance on fossil fuels, while some industry analysts remain cautious about the scalability and cost-effectiveness of the new storage systems.","Renewable Energy,Energy Storage,Technological Advancements,Battery Technology,Efficiency, Lifespan,Solar Power, Wind Power,Intermittency,Environmental Impact,Fossil Fuel Reduction,Scalability,Cost-Effectiveness,Industry Analysis",2025-01-11T16:00:00Z
5,Global Initiative to Regulate AI Ethics Gains Traction,"A global initiative led by the United Nations to establish universal ethical guidelines for artificial intelligence has received support from over 70 countries. The framework proposes standards for transparency, accountability, data privacy, and bias mitigation in AI systems. Industry leaders and academic institutions have also endorsed the initiative, calling it a critical step in aligning AI development with human rights. However, critics warn of enforcement challenges and the risk of hindering innovation. The initiative includes provisions for international oversight and regular reviews.","AI Ethics,Global Regulation,Transparency,Accountability,Data Privacy,Bias Mitigation,Human Rights,Industry Support,Academic Perspectives,Innovation Concerns,Enforcement Challenges,International Oversight,Policy Frameworks",2025-01-15T10:00:00Z
6,Massive Volcanic Eruption Disrupts Global Air Travel,"A powerful volcanic eruption in Indonesia has led to the grounding of thousands of flights across Asia and Australia. The ash cloud has reached the stratosphere, prompting emergency response teams to issue warnings for air quality and travel safety. Airlines are rerouting flights, and several international airports have temporarily closed. The eruption has also raised concerns about its impact on climate patterns and agriculture in the region. Local communities are being evacuated, with humanitarian organizations providing aid. Scientists are closely monitoring seismic activity for aftershocks.","Natural Disaster,Volcanic Eruption,Air Travel Disruption,Public Safety,Emergency Response,Air Quality,Flight Rerouting,Agricultural Impact,Climate Effects,Community Evacuation,Humanitarian Aid,Seismic Monitoring,International Coordination",2025-01-16T05:30:00Z
7,New Study Links Social Media Use to Adolescent Mental Health Decline,"A new longitudinal study published in the Journal of Youth Psychology reveals a strong correlation between excessive social media use and increased rates of anxiety and depression among teenagers. The study tracked over 10,000 adolescents across five years and found that higher screen time was associated with lower self-esteem and poor sleep quality. Mental health experts are calling for greater parental controls and digital literacy education. Tech companies face renewed pressure to modify platform algorithms and features. Skeptics argue that the causal link is still debatable and influenced by multiple factors.","Social Media,Adolescent Mental Health,Anxiety,Depression,Self-Esteem,Sleep Quality,Screen Time,Longitudinal Study,Digital Literacy,Parental Control,Tech Industry Responsibility,Algorithm Design,Causal Analysis",2025-01-14T18:10:00Z
8,International Art Exhibition Explores Post-Pandemic Creativity,"The World Contemporary Art Fair opened in Berlin this week, featuring works from over 200 artists across 40 countries. The exhibition centers around themes of resilience, isolation, and global interconnectedness in the post-pandemic era. Virtual reality installations and AI-generated artwork are major highlights. Critics praise the exhibition for pushing creative boundaries, while some conservative voices question the legitimacy of non-traditional forms. Educational panels and workshops are being held throughout the week to foster public engagement with modern art.","Contemporary Art,Post-Pandemic Themes,Resilience,Isolation,Global Connectivity,VR Installations,AI Art,Art Criticism,Cultural Engagement,Creative Innovation,Public Perception,Art Education,Global Representation",2025-01-17T13:00:00Z
